engine,engine_version,tree_files,pft2_inode_index_depth,pft2_directory_depth,workload,rep,operations,logical_bytes,format_bytes,path_write_bytes,kernel_disk_bytes,duration_ms,kernel_amplification,three_way_kernel_amplification,kernel_bytes_per_op,go_version,os,arch
pft2,repository HEAD,128,1,1,random-4k,1,32,131072,314581,324437,647168,917,4.937500,14.812500,20224.000,go1.26.5,darwin,arm64
bbolt,v1.5.0,128,1,1,random-4k,1,32,131072,-1,-1,3850240,1110,29.375000,88.125000,120320.000,go1.26.5,darwin,arm64
pft2,repository HEAD,128,1,1,random-4k,2,32,131072,314721,324577,647168,1011,4.937500,14.812500,20224.000,go1.26.5,darwin,arm64
bbolt,v1.5.0,128,1,1,random-4k,2,32,131072,-1,-1,3817472,983,29.125000,87.375000,119296.000,go1.26.5,darwin,arm64
pft2,repository HEAD,128,1,1,random-4k,3,32,131072,314582,324438,647168,777,4.937500,14.812500,20224.000,go1.26.5,darwin,arm64
bbolt,v1.5.0,128,1,1,random-4k,3,32,131072,-1,-1,3866624,854,29.500000,88.500000,120832.000,go1.26.5,darwin,arm64
pft2,repository HEAD,128,1,1,sequential-append,1,32,131072,333019,342875,651264,874,4.968750,14.906250,20352.000,go1.26.5,darwin,arm64
bbolt,v1.5.0,128,1,1,sequential-append,1,32,131072,-1,-1,3735552,1031,28.500000,85.500000,116736.000,go1.26.5,darwin,arm64
pft2,repository HEAD,128,1,1,sequential-append,2,32,131072,333019,342875,667648,1064,5.093750,15.281250,20864.000,go1.26.5,darwin,arm64
bbolt,v1.5.0,128,1,1,sequential-append,2,32,131072,-1,-1,3735552,1141,28.500000,85.500000,116736.000,go1.26.5,darwin,arm64
pft2,repository HEAD,128,1,1,sequential-append,3,32,131072,333019,342875,663552,1035,5.062500,15.187500,20736.000,go1.26.5,darwin,arm64
bbolt,v1.5.0,128,1,1,sequential-append,3,32,131072,-1,-1,3735552,1230,28.500000,85.500000,116736.000,go1.26.5,darwin,arm64
pft2,repository HEAD,128,1,1,small-creates,1,32,4096,424560,437232,753664,829,184.000000,552.000000,23552.000,go1.26.5,darwin,arm64
bbolt,v1.5.0,128,1,1,small-creates,1,32,4096,-1,-1,3735552,1109,912.000000,2736.000000,116736.000,go1.26.5,darwin,arm64
pft2,repository HEAD,128,1,1,small-creates,2,32,4096,424560,437232,753664,824,184.000000,552.000000,23552.000,go1.26.5,darwin,arm64
bbolt,v1.5.0,128,1,1,small-creates,2,32,4096,-1,-1,3735552,1001,912.000000,2736.000000,116736.000,go1.26.5,darwin,arm64
pft2,repository HEAD,128,1,1,small-creates,3,32,4096,424560,437232,753664,873,184.000000,552.000000,23552.000,go1.26.5,darwin,arm64
bbolt,v1.5.0,128,1,1,small-creates,3,32,4096,-1,-1,3735552,832,912.000000,2736.000000,116736.000,go1.26.5,darwin,arm64
pft2,repository HEAD,128,1,1,rename,1,32,0,182063,189147,520192,710,,,16256.000,go1.26.5,darwin,arm64
bbolt,v1.5.0,128,1,1,rename,1,32,0,-1,-1,2097152,786,,,65536.000,go1.26.5,darwin,arm64
pft2,repository HEAD,128,1,1,rename,2,32,0,182063,189147,520192,744,,,16256.000,go1.26.5,darwin,arm64
bbolt,v1.5.0,128,1,1,rename,2,32,0,-1,-1,2097152,699,,,65536.000,go1.26.5,darwin,arm64
pft2,repository HEAD,128,1,1,rename,3,32,0,182063,189147,520192,729,,,16256.000,go1.26.5,darwin,arm64
bbolt,v1.5.0,128,1,1,rename,3,32,0,-1,-1,2097152,782,,,65536.000,go1.26.5,darwin,arm64
pft2,repository HEAD,128,1,1,chmod,1,32,0,177824,183456,491520,671,,,15360.000,go1.26.5,darwin,arm64
bbolt,v1.5.0,128,1,1,chmod,1,32,0,-1,-1,2097152,763,,,65536.000,go1.26.5,darwin,arm64
pft2,repository HEAD,128,1,1,chmod,2,32,0,177826,183458,491520,694,,,15360.000,go1.26.5,darwin,arm64
bbolt,v1.5.0,128,1,1,chmod,2,32,0,-1,-1,2097152,886,,,65536.000,go1.26.5,darwin,arm64
pft2,repository HEAD,128,1,1,chmod,3,32,0,177825,183457,491520,655,,,15360.000,go1.26.5,darwin,arm64
bbolt,v1.5.0,128,1,1,chmod,3,32,0,-1,-1,2097152,917,,,65536.000,go1.26.5,darwin,arm64
pft2,repository HEAD,128,1,1,mkdir,1,32,0,287984,296432,610304,822,,,19072.000,go1.26.5,darwin,arm64
bbolt,v1.5.0,128,1,1,mkdir,1,32,0,-1,-1,2097152,870,,,65536.000,go1.26.5,darwin,arm64
pft2,repository HEAD,128,1,1,mkdir,2,32,0,287984,296432,610304,825,,,19072.000,go1.26.5,darwin,arm64
bbolt,v1.5.0,128,1,1,mkdir,2,32,0,-1,-1,2097152,831,,,65536.000,go1.26.5,darwin,arm64
pft2,repository HEAD,128,1,1,mkdir,3,32,0,287984,296432,610304,892,,,19072.000,go1.26.5,darwin,arm64
bbolt,v1.5.0,128,1,1,mkdir,3,32,0,-1,-1,2097152,919,,,65536.000,go1.26.5,darwin,arm64
pft2,repository HEAD,128,1,1,mixed,1,100,288000,960460,990424,2375680,2257,8.248889,24.746667,23756.800,go1.26.5,darwin,arm64
bbolt,v1.5.0,128,1,1,mixed,1,100,288000,-1,-1,11599872,2510,40.277333,120.832000,115998.720,go1.26.5,darwin,arm64
pft2,repository HEAD,128,1,1,mixed,2,100,288000,960922,990886,2387968,2405,8.291556,24.874667,23879.680,go1.26.5,darwin,arm64
bbolt,v1.5.0,128,1,1,mixed,2,100,288000,-1,-1,11550720,2906,40.106667,120.320000,115507.200,go1.26.5,darwin,arm64
pft2,repository HEAD,128,1,1,mixed,3,100,288000,960433,990397,2338816,2457,8.120889,24.362667,23388.160,go1.26.5,darwin,arm64
bbolt,v1.5.0,128,1,1,mixed,3,100,288000,-1,-1,11567104,2857,40.163556,120.490667,115671.040,go1.26.5,darwin,arm64
pft2,repository HEAD,4096,2,2,random-4k,1,32,131072,2058327,2069591,2400256,957,18.312500,54.937500,75008.000,go1.26.5,darwin,arm64
bbolt,v1.5.0,4096,2,2,random-4k,1,32,131072,-1,-1,4538368,847,34.625000,103.875000,141824.000,go1.26.5,darwin,arm64
pft2,repository HEAD,4096,2,2,random-4k,2,32,131072,2120004,2131268,2506752,1148,19.125000,57.375000,78336.000,go1.26.5,darwin,arm64
bbolt,v1.5.0,4096,2,2,random-4k,2,32,131072,-1,-1,4571136,873,34.875000,104.625000,142848.000,go1.26.5,darwin,arm64
pft2,repository HEAD,4096,2,2,random-4k,3,32,131072,2058332,2069596,2383872,1032,18.187500,54.562500,74496.000,go1.26.5,darwin,arm64
bbolt,v1.5.0,4096,2,2,random-4k,3,32,131072,-1,-1,4554752,864,34.750000,104.250000,142336.000,go1.26.5,darwin,arm64
pft2,repository HEAD,4096,2,2,sequential-append,1,32,131072,2261851,2273115,2621440,1032,20.000000,60.000000,81920.000,go1.26.5,darwin,arm64
bbolt,v1.5.0,4096,2,2,sequential-append,1,32,131072,-1,-1,4669440,874,35.625000,106.875000,145920.000,go1.26.5,darwin,arm64
pft2,repository HEAD,4096,2,2,sequential-append,2,32,131072,2261851,2273115,2646016,1136,20.187500,60.562500,82688.000,go1.26.5,darwin,arm64
bbolt,v1.5.0,4096,2,2,sequential-append,2,32,131072,-1,-1,4669440,891,35.625000,106.875000,145920.000,go1.26.5,darwin,arm64
pft2,repository HEAD,4096,2,2,sequential-append,3,32,131072,2261851,2273115,2646016,1092,20.187500,60.562500,82688.000,go1.26.5,darwin,arm64
bbolt,v1.5.0,4096,2,2,sequential-append,3,32,131072,-1,-1,4669440,842,35.625000,106.875000,145920.000,go1.26.5,darwin,arm64
pft2,repository HEAD,4096,2,2,small-creates,1,32,4096,4113712,4130608,4517888,1177,1103.000000,3309.000000,141184.000,go1.26.5,darwin,arm64
bbolt,v1.5.0,4096,2,2,small-creates,1,32,4096,-1,-1,5210112,826,1272.000000,3816.000000,162816.000,go1.26.5,darwin,arm64
pft2,repository HEAD,4096,2,2,small-creates,2,32,4096,4113712,4130608,4517888,1180,1103.000000,3309.000000,141184.000,go1.26.5,darwin,arm64
bbolt,v1.5.0,4096,2,2,small-creates,2,32,4096,-1,-1,5210112,907,1272.000000,3816.000000,162816.000,go1.26.5,darwin,arm64
pft2,repository HEAD,4096,2,2,small-creates,3,32,4096,4113712,4130608,4513792,1182,1102.000000,3306.000000,141056.000,go1.26.5,darwin,arm64
bbolt,v1.5.0,4096,2,2,small-creates,3,32,4096,-1,-1,5210112,973,1272.000000,3816.000000,162816.000,go1.26.5,darwin,arm64
pft2,repository HEAD,4096,2,2,rename,1,32,0,2186447,2195027,2543616,1164,,,79488.000,go1.26.5,darwin,arm64
bbolt,v1.5.0,4096,2,2,rename,1,32,0,-1,-1,3145728,1029,,,98304.000,go1.26.5,darwin,arm64
pft2,repository HEAD,4096,2,2,rename,2,32,0,2186447,2195027,2543616,1191,,,79488.000,go1.26.5,darwin,arm64
bbolt,v1.5.0,4096,2,2,rename,2,32,0,-1,-1,3145728,973,,,98304.000,go1.26.5,darwin,arm64
pft2,repository HEAD,4096,2,2,rename,3,32,0,2186447,2195027,2543616,1220,,,79488.000,go1.26.5,darwin,arm64
bbolt,v1.5.0,4096,2,2,rename,3,32,0,-1,-1,3145728,1048,,,98304.000,go1.26.5,darwin,arm64
pft2,repository HEAD,4096,2,2,chmod,1,32,0,1839439,1846479,2244608,1117,,,70144.000,go1.26.5,darwin,arm64
bbolt,v1.5.0,4096,2,2,chmod,1,32,0,-1,-1,2621440,939,,,81920.000,go1.26.5,darwin,arm64
pft2,repository HEAD,4096,2,2,chmod,2,32,0,1880548,1887588,2244608,1081,,,70144.000,go1.26.5,darwin,arm64
bbolt,v1.5.0,4096,2,2,chmod,2,32,0,-1,-1,2621440,826,,,81920.000,go1.26.5,darwin,arm64
pft2,repository HEAD,4096,2,2,chmod,3,32,0,1921666,1928706,2277376,1121,,,71168.000,go1.26.5,darwin,arm64
bbolt,v1.5.0,4096,2,2,chmod,3,32,0,-1,-1,2621440,833,,,81920.000,go1.26.5,darwin,arm64
pft2,repository HEAD,4096,2,2,mkdir,1,32,0,5708493,5722573,6074368,1082,,,189824.000,go1.26.5,darwin,arm64
bbolt,v1.5.0,4096,2,2,mkdir,1,32,0,-1,-1,3686400,815,,,115200.000,go1.26.5,darwin,arm64
pft2,repository HEAD,4096,2,2,mkdir,2,32,0,5708493,5722573,6086656,1180,,,190208.000,go1.26.5,darwin,arm64
bbolt,v1.5.0,4096,2,2,mkdir,2,32,0,-1,-1,3686400,956,,,115200.000,go1.26.5,darwin,arm64
pft2,repository HEAD,4096,2,2,mkdir,3,32,0,5708493,5722573,6074368,1126,,,189824.000,go1.26.5,darwin,arm64
bbolt,v1.5.0,4096,2,2,mkdir,3,32,0,-1,-1,3686400,828,,,115200.000,go1.26.5,darwin,arm64
pft2,repository HEAD,4096,2,2,mixed,1,100,288000,7799675,7835667,9261056,2976,32.156444,96.469333,92610.560,go1.26.5,darwin,arm64
bbolt,v1.5.0,4096,2,2,mixed,1,100,288000,-1,-1,12124160,2708,42.097778,126.293333,121241.600,go1.26.5,darwin,arm64
pft2,repository HEAD,4096,2,2,mixed,2,100,288000,7820197,7856189,9326592,2894,32.384000,97.152000,93265.920,go1.26.5,darwin,arm64
bbolt,v1.5.0,4096,2,2,mixed,2,100,288000,-1,-1,12156928,2735,42.211556,126.634667,121569.280,go1.26.5,darwin,arm64
pft2,repository HEAD,4096,2,2,mixed,3,100,288000,7963647,7999639,9449472,3099,32.810667,98.432000,94494.720,go1.26.5,darwin,arm64
bbolt,v1.5.0,4096,2,2,mixed,3,100,288000,-1,-1,12140544,2665,42.154667,126.464000,121405.440,go1.26.5,darwin,arm64
pft2,repository HEAD,65536,2,2,random-4k,1,32,131072,2296319,2307583,2625536,1021,20.031250,60.093750,82048.000,go1.26.5,darwin,arm64
bbolt,v1.5.0,65536,2,2,random-4k,1,32,131072,-1,-1,4571136,848,34.875000,104.625000,142848.000,go1.26.5,darwin,arm64
pft2,repository HEAD,65536,2,2,random-4k,2,32,131072,2296338,2307602,2621440,994,20.000000,60.000000,81920.000,go1.26.5,darwin,arm64
bbolt,v1.5.0,65536,2,2,random-4k,2,32,131072,-1,-1,4603904,843,35.125000,105.375000,143872.000,go1.26.5,darwin,arm64
pft2,repository HEAD,65536,2,2,random-4k,3,32,131072,2296324,2307588,2637824,888,20.125000,60.375000,82432.000,go1.26.5,darwin,arm64
bbolt,v1.5.0,65536,2,2,random-4k,3,32,131072,-1,-1,4603904,852,35.125000,105.375000,143872.000,go1.26.5,darwin,arm64
pft2,repository HEAD,65536,2,2,sequential-append,1,32,131072,2331035,2342299,2654208,999,20.250000,60.750000,82944.000,go1.26.5,darwin,arm64
bbolt,v1.5.0,65536,2,2,sequential-append,1,32,131072,-1,-1,4685824,827,35.750000,107.250000,146432.000,go1.26.5,darwin,arm64
pft2,repository HEAD,65536,2,2,sequential-append,2,32,131072,2331035,2342299,2654208,882,20.250000,60.750000,82944.000,go1.26.5,darwin,arm64
bbolt,v1.5.0,65536,2,2,sequential-append,2,32,131072,-1,-1,4685824,925,35.750000,107.250000,146432.000,go1.26.5,darwin,arm64
pft2,repository HEAD,65536,2,2,sequential-append,3,32,131072,2331035,2342299,2654208,956,20.250000,60.750000,82944.000,go1.26.5,darwin,arm64
bbolt,v1.5.0,65536,2,2,sequential-append,3,32,131072,-1,-1,4685824,852,35.750000,107.250000,146432.000,go1.26.5,darwin,arm64
pft2,repository HEAD,65536,2,2,small-creates,1,32,4096,5564816,5581712,5906432,916,1442.000000,4326.000000,184576.000,go1.26.5,darwin,arm64
bbolt,v1.5.0,65536,2,2,small-creates,1,32,4096,-1,-1,5210112,872,1272.000000,3816.000000,162816.000,go1.26.5,darwin,arm64
pft2,repository HEAD,65536,2,2,small-creates,2,32,4096,5564816,5581712,5906432,1014,1442.000000,4326.000000,184576.000,go1.26.5,darwin,arm64
bbolt,v1.5.0,65536,2,2,small-creates,2,32,4096,-1,-1,5210112,975,1272.000000,3816.000000,162816.000,go1.26.5,darwin,arm64
pft2,repository HEAD,65536,2,2,small-creates,3,32,4096,5564816,5581712,5906432,995,1442.000000,4326.000000,184576.000,go1.26.5,darwin,arm64
bbolt,v1.5.0,65536,2,2,small-creates,3,32,4096,-1,-1,5210112,1017,1272.000000,3816.000000,162816.000,go1.26.5,darwin,arm64
pft2,repository HEAD,65536,2,2,rename,1,32,0,2293996,2302576,2621440,983,,,81920.000,go1.26.5,darwin,arm64
bbolt,v1.5.0,65536,2,2,rename,1,32,0,-1,-1,4194304,959,,,131072.000,go1.26.5,darwin,arm64
pft2,repository HEAD,65536,2,2,rename,2,32,0,2293996,2302576,2621440,954,,,81920.000,go1.26.5,darwin,arm64
bbolt,v1.5.0,65536,2,2,rename,2,32,0,-1,-1,4194304,831,,,131072.000,go1.26.5,darwin,arm64
pft2,repository HEAD,65536,2,2,rename,3,32,0,2293996,2302576,2621440,983,,,81920.000,go1.26.5,darwin,arm64
bbolt,v1.5.0,65536,2,2,rename,3,32,0,-1,-1,4194304,839,,,131072.000,go1.26.5,darwin,arm64
pft2,repository HEAD,65536,2,2,chmod,1,32,0,2175418,2182458,2502656,840,,,78208.000,go1.26.5,darwin,arm64
bbolt,v1.5.0,65536,2,2,chmod,1,32,0,-1,-1,3145728,842,,,98304.000,go1.26.5,darwin,arm64
pft2,repository HEAD,65536,2,2,chmod,2,32,0,2159750,2166790,2490368,932,,,77824.000,go1.26.5,darwin,arm64
bbolt,v1.5.0,65536,2,2,chmod,2,32,0,-1,-1,3145728,848,,,98304.000,go1.26.5,darwin,arm64
pft2,repository HEAD,65536,2,2,chmod,3,32,0,2175438,2182478,2502656,894,,,78208.000,go1.26.5,darwin,arm64
bbolt,v1.5.0,65536,2,2,chmod,3,32,0,-1,-1,3145728,837,,,98304.000,go1.26.5,darwin,arm64
pft2,repository HEAD,65536,2,2,mkdir,1,32,0,5971199,5985279,6340608,1002,,,198144.000,go1.26.5,darwin,arm64
bbolt,v1.5.0,65536,2,2,mkdir,1,32,0,-1,-1,4718592,817,,,147456.000,go1.26.5,darwin,arm64
pft2,repository HEAD,65536,2,2,mkdir,2,32,0,5971199,5985279,6348800,1074,,,198400.000,go1.26.5,darwin,arm64
bbolt,v1.5.0,65536,2,2,mkdir,2,32,0,-1,-1,4718592,812,,,147456.000,go1.26.5,darwin,arm64
pft2,repository HEAD,65536,2,2,mkdir,3,32,0,5971199,5985279,6340608,874,,,198144.000,go1.26.5,darwin,arm64
bbolt,v1.5.0,65536,2,2,mkdir,3,32,0,-1,-1,4718592,795,,,147456.000,go1.26.5,darwin,arm64
pft2,repository HEAD,65536,2,2,mixed,1,100,288000,8848657,8884649,10276864,2330,35.683556,107.050667,102768.640,go1.26.5,darwin,arm64
bbolt,v1.5.0,65536,2,2,mixed,1,100,288000,-1,-1,14270464,2503,49.550222,148.650667,142704.640,go1.26.5,darwin,arm64
pft2,repository HEAD,65536,2,2,mixed,2,100,288000,8864002,8899994,10231808,1921,35.527111,106.581333,102318.080,go1.26.5,darwin,arm64
bbolt,v1.5.0,65536,2,2,mixed,2,100,288000,-1,-1,14303232,2261,49.664000,148.992000,143032.320,go1.26.5,darwin,arm64
pft2,repository HEAD,65536,2,2,mixed,3,100,288000,8848193,8884185,10227712,2059,35.512889,106.538667,102277.120,go1.26.5,darwin,arm64
bbolt,v1.5.0,65536,2,2,mixed,3,100,288000,-1,-1,14319616,2392,49.720889,149.162667,143196.160,go1.26.5,darwin,arm64
pft2,repository HEAD,524288,3,2,random-4k,1,32,131072,2572499,2585171,2899968,607,22.125000,66.375000,90624.000,go1.26.5,darwin,arm64
bbolt,v1.5.0,524288,3,2,random-4k,1,32,131072,-1,-1,4587520,657,35.000000,105.000000,143360.000,go1.26.5,darwin,arm64
pft2,repository HEAD,524288,3,2,random-4k,2,32,131072,2599008,2611680,2998272,705,22.875000,68.625000,93696.000,go1.26.5,darwin,arm64
bbolt,v1.5.0,524288,3,2,random-4k,2,32,131072,-1,-1,4587520,757,35.000000,105.000000,143360.000,go1.26.5,darwin,arm64
pft2,repository HEAD,524288,3,2,random-4k,3,32,131072,2624363,2637035,2957312,686,22.562500,67.687500,92416.000,go1.26.5,darwin,arm64
bbolt,v1.5.0,524288,3,2,random-4k,3,32,131072,-1,-1,4603904,730,35.125000,105.375000,143872.000,go1.26.5,darwin,arm64
pft2,repository HEAD,524288,3,2,sequential-append,1,32,131072,2694139,2706811,3026944,684,23.093750,69.281250,94592.000,go1.26.5,darwin,arm64
bbolt,v1.5.0,524288,3,2,sequential-append,1,32,131072,-1,-1,4685824,638,35.750000,107.250000,146432.000,go1.26.5,darwin,arm64
pft2,repository HEAD,524288,3,2,sequential-append,2,32,131072,2694139,2706811,3026944,567,23.093750,69.281250,94592.000,go1.26.5,darwin,arm64
bbolt,v1.5.0,524288,3,2,sequential-append,2,32,131072,-1,-1,4685824,650,35.750000,107.250000,146432.000,go1.26.5,darwin,arm64
pft2,repository HEAD,524288,3,2,sequential-append,3,32,131072,2694139,2706811,3026944,611,23.093750,69.281250,94592.000,go1.26.5,darwin,arm64
bbolt,v1.5.0,524288,3,2,sequential-append,3,32,131072,-1,-1,4685824,654,35.750000,107.250000,146432.000,go1.26.5,darwin,arm64
pft2,repository HEAD,524288,3,2,small-creates,1,32,4096,6668944,6688656,7008256,658,1711.000000,5133.000000,219008.000,go1.26.5,darwin,arm64
bbolt,v1.5.0,524288,3,2,small-creates,1,32,4096,-1,-1,5734400,591,1400.000000,4200.000000,179200.000,go1.26.5,darwin,arm64
pft2,repository HEAD,524288,3,2,small-creates,2,32,4096,6668944,6688656,7008256,551,1711.000000,5133.000000,219008.000,go1.26.5,darwin,arm64
bbolt,v1.5.0,524288,3,2,small-creates,2,32,4096,-1,-1,5734400,718,1400.000000,4200.000000,179200.000,go1.26.5,darwin,arm64
pft2,repository HEAD,524288,3,2,small-creates,3,32,4096,6668944,6688656,7008256,715,1711.000000,5133.000000,219008.000,go1.26.5,darwin,arm64
bbolt,v1.5.0,524288,3,2,small-creates,3,32,4096,-1,-1,5734400,568,1400.000000,4200.000000,179200.000,go1.26.5,darwin,arm64
pft2,repository HEAD,524288,3,2,rename,1,32,0,2669000,2678988,3002368,512,,,93824.000,go1.26.5,darwin,arm64
bbolt,v1.5.0,524288,3,2,rename,1,32,0,-1,-1,4718592,423,,,147456.000,go1.26.5,darwin,arm64
pft2,repository HEAD,524288,3,2,rename,2,32,0,2669000,2678988,3002368,364,,,93824.000,go1.26.5,darwin,arm64
bbolt,v1.5.0,524288,3,2,rename,2,32,0,-1,-1,4718592,411,,,147456.000,go1.26.5,darwin,arm64
pft2,repository HEAD,524288,3,2,rename,3,32,0,2669000,2678988,3002368,386,,,93824.000,go1.26.5,darwin,arm64
bbolt,v1.5.0,524288,3,2,rename,3,32,0,-1,-1,4718592,319,,,147456.000,go1.26.5,darwin,arm64
pft2,repository HEAD,524288,3,2,chmod,1,32,0,2479241,2487689,2809856,212,,,87808.000,go1.26.5,darwin,arm64
bbolt,v1.5.0,524288,3,2,chmod,1,32,0,-1,-1,3145728,323,,,98304.000,go1.26.5,darwin,arm64
pft2,repository HEAD,524288,3,2,chmod,2,32,0,2436971,2445419,2740224,339,,,85632.000,go1.26.5,darwin,arm64
bbolt,v1.5.0,524288,3,2,chmod,2,32,0,-1,-1,3145728,440,,,98304.000,go1.26.5,darwin,arm64
pft2,repository HEAD,524288,3,2,chmod,3,32,0,2453897,2462345,2781184,365,,,86912.000,go1.26.5,darwin,arm64
bbolt,v1.5.0,524288,3,2,chmod,3,32,0,-1,-1,3145728,431,,,98304.000,go1.26.5,darwin,arm64
pft2,repository HEAD,524288,3,2,mkdir,1,32,0,7003647,7020543,7311360,357,,,228480.000,go1.26.5,darwin,arm64
bbolt,v1.5.0,524288,3,2,mkdir,1,32,0,-1,-1,5242880,529,,,163840.000,go1.26.5,darwin,arm64
pft2,repository HEAD,524288,3,2,mkdir,2,32,0,7003647,7020543,7311360,424,,,228480.000,go1.26.5,darwin,arm64
bbolt,v1.5.0,524288,3,2,mkdir,2,32,0,-1,-1,5242880,591,,,163840.000,go1.26.5,darwin,arm64
pft2,repository HEAD,524288,3,2,mkdir,3,32,0,7003647,7020543,7311360,465,,,228480.000,go1.26.5,darwin,arm64
bbolt,v1.5.0,524288,3,2,mkdir,3,32,0,-1,-1,5242880,502,,,163840.000,go1.26.5,darwin,arm64
pft2,repository HEAD,524288,3,2,mixed,1,100,288000,10211248,10252300,11366400,1305,39.466667,118.400000,113664.000,go1.26.5,darwin,arm64
bbolt,v1.5.0,524288,3,2,mixed,1,100,288000,-1,-1,14663680,1654,50.915556,152.746667,146636.800,go1.26.5,darwin,arm64
pft2,repository HEAD,524288,3,2,mixed,2,100,288000,10194335,10235387,11362304,1171,39.452444,118.357333,113623.040,go1.26.5,darwin,arm64
bbolt,v1.5.0,524288,3,2,mixed,2,100,288000,-1,-1,14696448,1533,51.029333,153.088000,146964.480,go1.26.5,darwin,arm64
pft2,repository HEAD,524288,3,2,mixed,3,100,288000,10236590,10277642,11309056,1057,39.267556,117.802667,113090.560,go1.26.5,darwin,arm64
bbolt,v1.5.0,524288,3,2,mixed,3,100,288000,-1,-1,14696448,1801,51.029333,153.088000,146964.480,go1.26.5,darwin,arm64
